npsn,nama,status,akreditasi,kab_kota,provinsi,alamat,lintang,bujur,jml_siswa,total_rombel,jml_jurusan,jurusan,url
40600635,SMKS YPPP WONOMULYO,Swasta,A,Kab. Polewali Mandar,Prov. Sulawesi Barat,GATOT SUBROTO NO. 01,-3.40200000,119.21950000,902,31,20,,https://smk.kemendikdasmen.go.id/detail-sekolah/9C5CA9AE-46BA-44D3-A09E-E66A1DA82124
40604626,UPTD SMKN 1 SARJO,Negeri,B,Kab. Pasangkayu,Prov. Sulawesi Barat,JL.TRANS SULAWESI,-0.90360000,119.53860000,253,12,10,,https://smk.kemendikdasmen.go.id/detail-sekolah/127B596A-3D2B-4E1D-A74C-1E618A591BB4
40601056,UPTD SMKN 1 MEHALAAN,Negeri,C,Kab. Mamasa,Prov. Sulawesi Barat,DESA MEHALAAN,-3.01610000,119.19840000,69,3,4,,https://smk.kemendikdasmen.go.id/detail-sekolah/9851BC7E-7723-457D-B8BF-3E2684E9463D
40601313,UPTD SMKN 3 MAJENE,Negeri,B,Kab. Majene,Prov. Sulawesi Barat,JL. POROS MAJENE MAMUJU KM. 14 MAJENE,-3.48530000,118.89780000,374,19,16,,https://smk.kemendikdasmen.go.id/detail-sekolah/3CF3CCD3-EA3D-4FE3-94FC-BFB268830876
69774918,SMKS TRANS PRIMA TOMMO,Swasta,C,Kab. Mamuju,Prov. Sulawesi Barat,TOMMO V,-2.27150000,119.20790000,10,2,2,,https://smk.kemendikdasmen.go.id/detail-sekolah/10D8B573-EF7E-4AC4-A874-C37062707D18
69940185,SMKS BINA KARYA,Swasta,C,Kab. Mamuju Tengah,Prov. Sulawesi Barat,Jl. Poros Lemo-Lemo,-2.30490000,119.17930000,102,6,3,,https://smk.kemendikdasmen.go.id/detail-sekolah/416C98B4-DE83-483F-9215-9C8C4CB18A62
40602429,UPTD SMKN 1 PASANGKAYU,Negeri,C,Kab. Pasangkayu,Prov. Sulawesi Barat,Jl. Poros PT. PASANGKAYU,-1.20350000,119.44270000,170,10,10,,https://smk.kemendikdasmen.go.id/detail-sekolah/4BD2041C-38D8-4B69-8FA8-FB0905F7649B
40604384,SMKS PRIMA KARYA TOPOYO,Swasta,C,Kab. Mamuju Tengah,Prov. Sulawesi Barat,JL. Poros Waeputeh,-2.06470000,119.27530000,16,6,6,,https://smk.kemendikdasmen.go.id/detail-sekolah/0C20D03B-DF9F-499A-80DA-03EBE7292831
40601491,UPTD SMKN 5 MAJENE,Negeri,B,Kab. Majene,Prov. Sulawesi Barat,JL. BALAI LATIHAN KERJA. KM. 4 POROS MAJENE MAMUJU,-3.55880000,118.94200000,428,23,20,,https://smk.kemendikdasmen.go.id/detail-sekolah/B3168896-F9A4-43D3-B7D5-0BD9938CF1B4
40604358,UPTD SMKN 1 TAPALANG BARAT,Negeri,B,Kab. Mamuju,Prov. Sulawesi Barat,PASABU KEC. TAPALANG BARAT,-2.85170000,118.82410000,198,12,15,,https://smk.kemendikdasmen.go.id/detail-sekolah/CC9CD6A3-8724-4CDC-9AFB-96C6F46E0669
40604724,UPTD SMK NEGERI 1 TUTAR,Negeri,B,Kab. Polewali Mandar,Prov. Sulawesi Barat,POROS TUBBI TARAMANU,-3.29410000,119.06180000,156,9,10,,https://smk.kemendikdasmen.go.id/detail-sekolah/DBE8DAB4-F99D-4A42-9434-0E5B5962C3F6
69854729,UPTD SMK Negeri 1 Tanduk Kalua,Negeri,C,Kab. Mamasa,Prov. Sulawesi Barat,Jl. Poros Mamasa Polewali Km. 19,-3.03590000,119.30810000,67,6,7,,https://smk.kemendikdasmen.go.id/detail-sekolah/CF248B20-6E3B-4544-BEF5-E515F944CCE0
69978089,SMKS  SMART JAYA,Swasta,C,Kab. Pasangkayu,Prov. Sulawesi Barat,JL TRANS SULAWESI DESA BENGGAULU KEC. DAPURANG,-1.65575700,119.57900310,78,5,2,,https://smk.kemendikdasmen.go.id/detail-sekolah/19E49107-19E0-4F0A-AC3F-15A0D34704CC
40602557,UPTD SMKN LUYO,Negeri,B,Kab. Polewali Mandar,Prov. Sulawesi Barat,POROS TUTAR DESA MAMBU KEC. LUYO,-3.36160000,118.96460000,186,9,14,,https://smk.kemendikdasmen.go.id/detail-sekolah/D4ED62A4-E655-41DA-B80A-508EEFC5D26D
40601037,UPTD SMKN 1 SESENAPADANG,Negeri,B,Kab. Mamasa,Prov. Sulawesi Barat,OROBUA,-2.96410000,119.38620000,130,15,17,,https://smk.kemendikdasmen.go.id/detail-sekolah/B4D6F014-4328-4053-A6BE-21DC2A43514F
40605629,UPTD SMKN 1 DAPURANG,Negeri,B,Kab. Pasangkayu,Prov. Sulawesi Barat,Kasalai,-1.67670000,119.29640000,48,7,10,,https://smk.kemendikdasmen.go.id/detail-sekolah/97019C6E-A3FF-402A-AE41-1688078B0550
40604957,UPTD SMKN 6 MAJENE,Negeri,B,Kab. Majene,Prov. Sulawesi Barat,JL. POROS MAMUJU-MAJENE KM. 94,-2.95350000,118.87120000,303,16,13,,https://smk.kemendikdasmen.go.id/detail-sekolah/38E27BAB-16D2-4960-884A-CB35A64EA0E2
60728435,UPTD SMKN 1 TOBADAK,Negeri,C,Kab. Mamuju Tengah,Prov. Sulawesi Barat,TOBADAK,-1.99230000,119.55440000,106,9,11,,https://smk.kemendikdasmen.go.id/detail-sekolah/85AE1E65-2025-47E5-99D5-7D94D22A8910
69950249,SMK NURUL MUKMININ KALUKKU,Swasta,C,Kab. Mamuju,Prov. Sulawesi Barat,Jl. Poros Pokkang,-2.53810000,119.08580000,53,4,6,,https://smk.kemendikdasmen.go.id/detail-sekolah/A90B38B7-E53A-40C2-99F8-B57BCE213F2E
69786951,UPTD SMKN 1 TAPALANG,Negeri,B,Kab. Mamuju,Prov. Sulawesi Barat,Jl. Poros Mamuju-Majene Km. 29,-2.82950000,118.86110000,171,15,22,,https://smk.kemendikdasmen.go.id/detail-sekolah/95BC0030-F971-4B9F-A424-1728042D0EB9
40605630,UPTD SMKN 1 BAMBALAMUTU,Negeri,B,Kab. Pasangkayu,Prov. Sulawesi Barat,JALAN TRANS SULAWESI,-1.03660000,119.48100000,294,14,13,,https://smk.kemendikdasmen.go.id/detail-sekolah/A6CAF948-11BA-40E0-9243-3B42F0E56BB7
40605472,SMKS KOMPUTER MUHAMMADIYAH,Swasta,C,Kab. Mamuju Tengah,Prov. Sulawesi Barat,DG.PAINDO NO 5,-1.93970000,119.38950000,26,3,3,,https://smk.kemendikdasmen.go.id/detail-sekolah/2DAD6B8A-0D0E-49C4-B0AD-07DCC3FD4D8B
69774917,SMKS KEPERAWATAN ST. FATIMAH,Swasta,B,Kab. Mamuju,Prov. Sulawesi Barat,Jl. Soekarno Hatta No.09 Mamuju,-2.69700000,118.87210000,73,4,3,,https://smk.kemendikdasmen.go.id/detail-sekolah/9446EE66-8744-4684-9817-A70C984D2CAF
69829179,UPTD SMK NEGERI 1 BAMBANG,Negeri,A,Kab. Mamasa,Prov. Sulawesi Barat,Jl. Pebatean ,-2.94970000,119.18480000,94,6,7,,https://smk.kemendikdasmen.go.id/detail-sekolah/51AE1850-C60F-4987-950E-B93F17E30DC4
40605505,UPTD SMKN BULO,Negeri,B,Kab. Polewali Mandar,Prov. Sulawesi Barat,POROS KANUSUANG,-3.32800000,119.16870000,297,13,10,,https://smk.kemendikdasmen.go.id/detail-sekolah/20C21A5D-A805-4BF5-A1B5-589D6CD7BB65
40604360,SMKS BUDI MULYA KALUKKU,Swasta,B,Kab. Mamuju,Prov. Sulawesi Barat,JL. VETERAN TASIU,-2.54260000,119.06560000,64,3,4,,https://smk.kemendikdasmen.go.id/detail-sekolah/2F9B291A-2AEF-4D09-A14C-680D78CE45CB
40601315,UPTD SMKN 2 MAJENE,Negeri,A,Kab. Majene,Prov. Sulawesi Barat,JL. DR. RATULANGI NO. 9 MAJENE,-3.54260000,118.97140000,1056,36,21,,https://smk.kemendikdasmen.go.id/detail-sekolah/AD0666E1-01CE-4DAF-AB9D-08D4E0798A76
40600655,UPTD SMKN 1 TINAMBUNG,Negeri,B,Kab. Polewali Mandar,Prov. Sulawesi Barat,JL. PENDIDIKAN NO. 171 TINAMBUNG,-3.50180000,119.02410000,738,27,22,,https://smk.kemendikdasmen.go.id/detail-sekolah/91797C08-8E28-41EE-A932-0C8E677F2FAC
40604382,UPTD SMKN LABUANG,Negeri,B,Kab. Polewali Mandar,Prov. Sulawesi Barat,JL.POROS MAJENE,-3.46090000,119.14190000,474,23,19,,https://smk.kemendikdasmen.go.id/detail-sekolah/9B141802-045B-4FC2-AAB2-54D4A7CC55C3
69758234,UPTD SMKN 1 ARALLE,Negeri,C,Kab. Mamasa,Prov. Sulawesi Barat,UHAIDAO,-2.91880000,119.12390000,81,6,6,,https://smk.kemendikdasmen.go.id/detail-sekolah/1E575930-F3A9-48D6-AD76-FDCADA2ED69A
69852826,UPTD SMK NEGERI LAMBANAN,Negeri,C,Kab. Mamasa,Prov. Sulawesi Barat,LAMBANAN,-2.87224500,119.44800400,80,11,12,,https://smk.kemendikdasmen.go.id/detail-sekolah/89B54F77-8BC9-466E-92EB-E4651566E43C
69940165,SMK HARAPAN BANGSA MAJENE,Swasta,B,Kab. Majene,Prov. Sulawesi Barat,APOLEANG UTARA,-3.40678770,118.90444010,0,0,3,,https://smk.kemendikdasmen.go.id/detail-sekolah/3777B411-FD75-4BA9-B8F1-A9E48C50998B
40602682,SMKS TALENTA,Swasta,C,Kab. Mamasa,Prov. Sulawesi Barat,JL. RANTEKATOAN,-2.95710000,119.36770000,43,8,12,,https://smk.kemendikdasmen.go.id/detail-sekolah/050F28EB-E481-4B15-B0AC-273C21F7F79A
69949537,SMKS MADANI MANDAR,Swasta,C,Kab. Polewali Mandar,Prov. Sulawesi Barat,Jl. Poros Majene Laliko,-3.43758900,119.11338690,34,3,3,,https://smk.kemendikdasmen.go.id/detail-sekolah/2FA34039-5B5F-4CB3-B7C6-4D0CA4AB37BA
69949488,UPTD SMK NEGERI PARIWISATA MAMASA,Negeri,C,Kab. Mamasa,Prov. Sulawesi Barat,Kalimbuang,-2.93690000,119.36800000,100,9,9,,https://smk.kemendikdasmen.go.id/detail-sekolah/69A5FC66-C25E-4B0E-9DE4-3643227FA516
40600646,UPTD SMKN PAKU,Negeri,B,Kab. Polewali Mandar,Prov. Sulawesi Barat,JL. POROS PINRANG KM.15 DESA MIRRING,-3.47750000,119.45520000,195,12,13,,https://smk.kemendikdasmen.go.id/detail-sekolah/D71A8C07-66B3-4250-9C08-14D871A5AF0C
40601025,SMKS YPK MAMASA,Swasta,C,Kab. Mamasa,Prov. Sulawesi Barat,JL. KAMPUNG BARU MAMASA,-2.93881120,119.37655630,35,3,7,,https://smk.kemendikdasmen.go.id/detail-sekolah/D25A69BB-0CA1-4CE6-9799-2C4FC58154BD
69931900,UPTD SMK NEGERI SULBAR,Negeri,B,Kab. Mamuju,Prov. Sulawesi Barat,Jl. Pahlawan Kalukku,-2.53750000,119.07050000,129,7,7,,https://smk.kemendikdasmen.go.id/detail-sekolah/4F672B9F-9142-4EF7-9A43-2F6A46C39DCB
69939407,SMKS BINA GENERASI MANDIRI,Swasta,C,Kab. Polewali Mandar,Prov. Sulawesi Barat,Dusun Perandangan,-3.18490000,119.03620000,44,3,4,,https://smk.kemendikdasmen.go.id/detail-sekolah/11CEDA95-E6B9-46DD-9550-0C970559DE1E
40600211,UPTD SMKN KAROSSA,Negeri,A,Kab. Mamuju Tengah,Prov. Sulawesi Barat,MORA KM. 6 KAROSSA,-1.80200000,119.39140000,213,15,16,,https://smk.kemendikdasmen.go.id/detail-sekolah/7689E11F-D5AC-4E9B-856C-3CB1149E1ADC
40605628,UPTD SMKN 1 SARUDU,Negeri,B,Kab. Pasangkayu,Prov. Sulawesi Barat,Jl.Banteng Desa Bulu Mario,-1.68270000,119.34370000,234,10,8,,https://smk.kemendikdasmen.go.id/detail-sekolah/52D5909E-9E05-4586-A6E1-A2F74721FA7C
69774911,UPTD SMKN 1 BONEHAU,Negeri,C,Kab. Mamuju,Prov. Sulawesi Barat,TAMALEA,-2.47650000,119.43530000,90,4,6,,https://smk.kemendikdasmen.go.id/detail-sekolah/FEC17C3A-B456-476C-9B3F-2CE4D15631B5
69899154,SMK BUNTU MASAKKE,Swasta,B,Kab. Mamasa,Prov. Sulawesi Barat,JL. Lingkar Kel. Messawa,-3.26930440,119.33150180,41,3,12,,https://smk.kemendikdasmen.go.id/detail-sekolah/08219850-6F2A-4406-AF30-22A5FB551DE3
69774922,SMKS BINA BAKTI,Swasta,C,Kab. Mamuju,Prov. Sulawesi Barat,KABULOANG,-2.49270000,119.11090000,57,3,3,,https://smk.kemendikdasmen.go.id/detail-sekolah/CE850975-A945-4FF7-81A6-668CED0A3817
69824838,SMKS MITRA NUSANTARA,Swasta,C,Kab. Mamasa,Prov. Sulawesi Barat,"Rantepalado,bambang",-2.95630000,119.20400000,27,3,3,,https://smk.kemendikdasmen.go.id/detail-sekolah/FB573596-DF78-4043-BB44-5BCACBB47EDE
40604625,UPTD SMKN 1 BARAS,Negeri,B,Kab. Pasangkayu,Prov. Sulawesi Barat,Jl. Dg. Mattahang,-1.53510000,119.34010000,213,13,12,,https://smk.kemendikdasmen.go.id/detail-sekolah/AC828A17-E8D2-40A1-A886-2213350A1B50
40600657,SMKS MUHAMMADIYAH WONOMULYO,Swasta,B,Kab. Polewali Mandar,Prov. Sulawesi Barat,JL. SULTAN HASANUDDIN NO. 72 WONOMULYO,-3.39520000,119.21380000,268,9,9,,https://smk.kemendikdasmen.go.id/detail-sekolah/7CF18BA0-2FA4-4AB6-9421-3D30E4623292
69774912,UPTD SMK NEGERI 1 TOMMO,Negeri,C,Kab. Mamuju,Prov. Sulawesi Barat,TOMMO,-2.30980000,119.32800000,95,7,8,,https://smk.kemendikdasmen.go.id/detail-sekolah/B6F75E3E-E809-4F35-A4D4-8CEE91DCF290
40604711,UPTD SMKN TOPOYO,Negeri,B,Kab. Mamuju Tengah,Prov. Sulawesi Barat,JL. POROS TABOLANG,-2.05190000,119.31250000,374,18,26,,https://smk.kemendikdasmen.go.id/detail-sekolah/67E4C102-A837-411E-97D0-5D0D0A5B11A2
40605310,SMKS ISLAM  PONIANG,Swasta,B,Kab. Majene,Prov. Sulawesi Barat,JLN. POROS MAJENE-MAMUJU KM. 41 PONIANG,-3.29280000,118.85860000,185,7,2,,https://smk.kemendikdasmen.go.id/detail-sekolah/87AAC5EC-1D6A-4F4A-A9F0-135614AABC9D
40600656,UPTD SMKN 1 POLEWALI,Negeri,A,Kab. Polewali Mandar,Prov. Sulawesi Barat,JL. K.H. AGUS SALIM NO. 1 POLEWALI,-3.40870000,119.31920000,1070,33,25,,https://smk.kemendikdasmen.go.id/detail-sekolah/37371C4D-9C8A-44BB-BFB2-2D579FFB4C39
69795846,SMK MEGA LINK MAJENE,Swasta,B,Kab. Majene,Prov. Sulawesi Barat,Poros Majene Mamuju Km. 07 Soreang,-3.54260000,118.92510000,79,3,3,,https://smk.kemendikdasmen.go.id/detail-sekolah/DCF78097-9E11-4437-88CA-8750E47C21E9
40600221,UPTD SMKN 1 RANGAS,Negeri,A,Kab. Mamuju,Prov. Sulawesi Barat,Jl. H. ABD. MALIK PATTANA ENDENG,-2.65970000,118.84800000,959,36,30,,https://smk.kemendikdasmen.go.id/detail-sekolah/4AF1A9F7-66B3-4C98-8F26-C35156564FE8
40600212,SMKS PELAYARAN SAMUDRA MAMUJU,Swasta,B,Kab. Mamuju,Prov. Sulawesi Barat,JLN. MUSA KARIM II NO.17 MAMUJU,-2.69150000,118.87870000,0,0,7,,https://smk.kemendikdasmen.go.id/detail-sekolah/1CD30A12-27D3-43C1-BB6D-0F4B92F51264
69907901,SMKS JUAN PATTAROPURA ,Swasta,C,Kab. Mamuju Tengah,Prov. Sulawesi Barat,Dusun Karama,-2.29331740,119.16274680,82,6,2,,https://smk.kemendikdasmen.go.id/detail-sekolah/B936EA54-2A50-4362-B748-788FE6A643F9
69964199,UPTD SMKN 9 MAJENE,Negeri,C,Kab. Majene,Prov. Sulawesi Barat,JL. Poros Salatambung - Aralle Km. 10,-3.07859670,118.86638540,73,3,5,,https://smk.kemendikdasmen.go.id/detail-sekolah/073425AD-3BED-445A-8595-ED7846AEFFC7
69877308,UPTD SMKN 2 PASANGKAYU,Negeri,C,Kab. Pasangkayu,Prov. Sulawesi Barat,JL. TRANS SULAWESI,-1.18070000,119.34830000,255,13,11,,https://smk.kemendikdasmen.go.id/detail-sekolah/06F73542-B6B8-4A1F-8650-431CD3C24EC5
69774915,SMKS PUNGGAWA MALOLO,Swasta,B,Kab. Mamuju,Prov. Sulawesi Barat,Jl. Punggawa Malolo Lr. Kapandeang Lombang-Lombang,-2.56470000,119.03680000,152,6,3,,https://smk.kemendikdasmen.go.id/detail-sekolah/B00183F9-C59D-49CE-A572-418ACC2F2387
40605754,UPTD SMKN 7 MAJENE,Negeri,B,Kab. Majene,Prov. Sulawesi Barat,JL POROS MAJENE - MAMUJU KM 47,-3.23297100,118.83329400,548,20,14,,https://smk.kemendikdasmen.go.id/detail-sekolah/3D25A06B-80E5-43EC-83EF-780D7FE05258
40604356,UPTD SMKN KALUMPANG,Negeri,C,Kab. Mamuju,Prov. Sulawesi Barat,JLN. ANOA,-2.48040000,119.48700000,33,6,4,,https://smk.kemendikdasmen.go.id/detail-sekolah/F62CEC1A-4CD9-4C6E-BFFB-8BB916DC7066
69857919,UPTD SMK NEGERI ALU,Negeri,B,Kab. Polewali Mandar,Prov. Sulawesi Barat,PETOOSANG,-3.42820000,118.99230000,87,9,13,,https://smk.kemendikdasmen.go.id/detail-sekolah/09FACE4E-8D5A-4CEF-8012-5FF106CE16F9
70042868,SMK Bintang Sembilan,Swasta,NULL,Kab. Pasangkayu,Prov. Sulawesi Barat,Jl. Moh. Hatta,-1.17420000,119.35030000,0,0,1,,https://smk.kemendikdasmen.go.id/detail-sekolah/71999119-F4F2-4697-9100-F106CD652703
69760851,SMKS DARUL HASANAH,Swasta,B,Kab. Polewali Mandar,Prov. Sulawesi Barat,JL. POROS MAJENE,-3.40070000,119.22990000,86,6,4,,https://smk.kemendikdasmen.go.id/detail-sekolah/038DE2A7-EF73-4764-AB4A-96FE3F0BCFC4
40605150,SMKS DDI POLEWALI,Swasta,B,Kab. Polewali Mandar,Prov. Sulawesi Barat,JL.GATOT SUBROTO KAMPUS DDI POLEWALI,-3.44220000,119.38790000,62,4,7,,https://smk.kemendikdasmen.go.id/detail-sekolah/CB80A59D-CB2B-4B03-8B37-2DD330952FCE
40605470,SMKS KEPERAWATAN ALMUBARAK TOPOYO,Swasta,C,Kab. Mamuju Tengah,Prov. Sulawesi Barat,JL. ABD MAJID PATTAROPURA,-2.06925000,119.28861700,115,6,7,,https://smk.kemendikdasmen.go.id/detail-sekolah/F732EDBD-E746-449C-AB87-3060D9342B1B
69859684,UPTD SMK NEGERI 1 MAMUJU,Negeri,A,Kab. Mamuju,Prov. Sulawesi Barat,Jl. Muh. Husni Thamrin,-2.67910000,118.89930000,825,27,16,,https://smk.kemendikdasmen.go.id/detail-sekolah/06258F9C-4A6D-43BB-901C-74603BDA0243
69893698,SMK HARAPAN,Swasta,C,Kab. Mamasa,Prov. Sulawesi Barat,Salualo,-2.98820000,119.17190000,97,6,7,,https://smk.kemendikdasmen.go.id/detail-sekolah/5137A235-476C-40B8-BEB7-A2D2E5EC9E61
69963880,SMK  MITRA BANGSA,Swasta,C,Kab. Mamasa,Prov. Sulawesi Barat,Jl. Poros Sibanawa-Miallo Mamasa,-3.20410000,119.33320000,60,6,5,,https://smk.kemendikdasmen.go.id/detail-sekolah/45D21715-1BA9-448D-A0C2-9232BDFE63FE
69970464,SMKS  AL-QADRI MAJENE,Swasta,C,Kab. Majene,Prov. Sulawesi Barat,JL. POROS DESA PANDAU,-3.32014590,118.89540260,0,0,6,,https://smk.kemendikdasmen.go.id/detail-sekolah/F5DAA583-F4AA-49B7-A8CD-E4CBAA2D6D12
69774919,SMKS BINA BANGSA,Swasta,C,Kab. Mamuju Tengah,Prov. Sulawesi Barat,TOPOYO,-1.94520000,119.42220000,59,3,1,,https://smk.kemendikdasmen.go.id/detail-sekolah/6713DBA7-5233-43CA-9287-D264A1E7989F
69900168,SMK S YAPIZ,Swasta,C,Kab. Mamuju,Prov. Sulawesi Barat,Simbuang,-2.69425990,118.83362610,0,0,3,,https://smk.kemendikdasmen.go.id/detail-sekolah/F5992CA3-938A-4943-999A-0854E7D73443
40604636,UPTD SMKN 2 BARAS,Negeri,B,Kab. Pasangkayu,Prov. Sulawesi Barat,"Jl. Pendidikan, Dusun Sidomaju",-1.57450000,119.40300000,215,9,6,,https://smk.kemendikdasmen.go.id/detail-sekolah/739024DE-0743-4D91-A5B7-B169540580F7
40605539,SMKS SALU SIAMPEK,Swasta,C,Kab. Mamasa,Prov. Sulawesi Barat,SALU RINDUK,-2.84050000,119.15520000,95,6,10,,https://smk.kemendikdasmen.go.id/detail-sekolah/830CC451-6C6B-4545-BABE-BA809CC2E927
69961932,SMK YAPMA SULBAR,Swasta,C,Kab. Mamuju,Prov. Sulawesi Barat,JL. POROS MAMUJU TAPALANG,-2.72987830,118.85002000,60,6,7,,https://smk.kemendikdasmen.go.id/detail-sekolah/0F72B47F-0B7B-478C-B9EF-B4D5CC29943A
69979153,UPTD SMKN 1 MESSAWA,Negeri,A,Kab. Mamasa,Prov. Sulawesi Barat,"Pasapa Mambu, Kecamatan Messawa, Kabupaten Mamasa",-3.26110000,119.33850000,101,9,11,,https://smk.kemendikdasmen.go.id/detail-sekolah/586654AA-5BDA-45C8-BAE2-13F84FF70173
69877290,UPTD SMKN 1 TIKKE,Negeri,B,Kab. Pasangkayu,Prov. Sulawesi Barat,DESA PAJALELE,-1.29910000,119.34580000,94,6,7,,https://smk.kemendikdasmen.go.id/detail-sekolah/3D4451B8-4313-4FC1-A4E7-A3859AECC7D5
40601049,UPTD SMKN 1 SUMARORONG,Negeri,B,Kab. Mamasa,Prov. Sulawesi Barat,JL. POROS POLEWALI MAMASA KM. 37 SUMARORONG,-3.12840000,119.30810000,452,23,23,,https://smk.kemendikdasmen.go.id/detail-sekolah/93A106A6-DCED-4C7B-8D6A-00E0A0F342EC
69954841,SMKS TUNAS BHAKTI ,Swasta,C,Kab. Mamasa,Prov. Sulawesi Barat,Bakeng,-2.69890000,119.18370000,29,3,5,,https://smk.kemendikdasmen.go.id/detail-sekolah/1F49DC9F-B60F-478C-945D-3AA02633176A
69759071,UPTD SMK NEGERI 1 RANTEBULAHAN TIMUR,Negeri,C,Kab. Mamasa,Prov. Sulawesi Barat,"Jln. Poros Mamasa-Mambi, Galung",-2.95260000,119.17330000,67,7,10,,https://smk.kemendikdasmen.go.id/detail-sekolah/709F4016-D2E2-4BB6-A35F-734D4C1E92DB
40605523,UPTD SMKN BALANIPA,Negeri,B,Kab. Polewali Mandar,Prov. Sulawesi Barat,BULUDUA,-3.49980000,119.05170000,280,13,9,,https://smk.kemendikdasmen.go.id/detail-sekolah/4D5A8451-C9D2-415E-A6D2-09B7D00C6932
40601050,UPTD SMKN 1 PANA,Negeri,C,Kab. Mamasa,Prov. Sulawesi Barat,JL. PENDIDIKAN NO. 1 PANA,-3.05750000,119.56270000,91,9,12,,https://smk.kemendikdasmen.go.id/detail-sekolah/2AA891EE-45F1-4354-8C82-A0DE34D4139F
70027297,UPTD SMK NEGERI 1 LARIANG,Negeri,C,Kab. Pasangkayu,Prov. Sulawesi Barat,dusun Manunggal,-1.46910000,119.37540000,78,9,3,,https://smk.kemendikdasmen.go.id/detail-sekolah/743349E3-FB5B-4A69-A4AC-2BF4415E8272
69787167,SMKS KEMILAU BANGSA,Swasta,C,Kab. Mamasa,Prov. Sulawesi Barat,Jl. Poros Mamasa Polewali,-2.94780800,119.36645100,23,3,3,,https://smk.kemendikdasmen.go.id/detail-sekolah/01263EC1-E73F-49A7-95F8-B51429334D87
40600233,SMKS KOMPUTER TIWIK RAMA,Swasta,B,Kab. Mamuju,Prov. Sulawesi Barat,IR.H.JUANDA KM 3 NO.77 MAMUJU,-2.67350000,118.90200000,40,3,2,,https://smk.kemendikdasmen.go.id/detail-sekolah/6F846D4D-2CC7-42F1-99A0-54B2B62C61F4
40600658,UPTD SMKN CAMPALAGIAN,Negeri,B,Kab. Polewali Mandar,Prov. Sulawesi Barat,JL. POROS TENGGELANG,-3.41770000,119.16280000,758,25,19,,https://smk.kemendikdasmen.go.id/detail-sekolah/E4FB5877-BD12-42DA-AA1A-D31510074BB5
69755558,SMKS KARYA BANGSA PASANGKAYU,Swasta,B,Kab. Pasangkayu,Prov. Sulawesi Barat,Jl. May Jend. A. Yani Lorong Tanjung Babia 1,-1.24570000,119.35240000,87,5,9,,https://smk.kemendikdasmen.go.id/detail-sekolah/7F321AC9-4F0F-4972-9377-740B90B2F559
40601490,UPTD SMKN 4 MAJENE,Negeri,B,Kab. Majene,Prov. Sulawesi Barat,JL. POROS MAJENE-MAMUJU KM. 65 DESA BONDE-BONDE,-3.49950000,118.89480000,203,12,12,,https://smk.kemendikdasmen.go.id/detail-sekolah/1B533604-85B1-4EA9-9A5A-0C95B1F15723
69854728,UPTD SMK Negeri 1 Buntu Malangka,Negeri,C,Kab. Mamasa,Prov. Sulawesi Barat,"Galung, Desa Salurindu",-2.84120000,119.14780000,30,9,8,,https://smk.kemendikdasmen.go.id/detail-sekolah/D65984A3-A25C-4C62-8EB2-3A8383AF1F5A
69786288,SMKS PELITA HARAPAN,Swasta,C,Kab. Mamasa,Prov. Sulawesi Barat, Ladi,-2.97310000,119.56640000,49,3,2,,https://smk.kemendikdasmen.go.id/detail-sekolah/F6F7666D-866A-4E6E-AE34-533AC1BABC66
69990259,SMK-ALFALAH,Swasta,A,Kab. Pasangkayu,Prov. Sulawesi Barat,Desa Kasano,-1.55010000,119.35850000,0,0,4,,https://smk.kemendikdasmen.go.id/detail-sekolah/32C4E652-F22B-496C-8A8B-6B0883EE63B3
40605749,SMKS MA ARIF HUSNUL KHATIMAH,Swasta,A,Kab. Polewali Mandar,Prov. Sulawesi Barat,JL. GATOT SUBROTO NO. 34,-3.40060000,119.31030000,164,13,12,,https://smk.kemendikdasmen.go.id/detail-sekolah/CC9561A0-C634-4700-A71A-73517A261F0C
69758198,SMKS PERTANIAN MALATIRO,Swasta,C,Kab. Mamasa,Prov. Sulawesi Barat,MALATIRO,-2.78960000,119.33180000,31,3,4,,https://smk.kemendikdasmen.go.id/detail-sekolah/5B558CE1-D482-4308-82B3-9D5E9966583C
69984990,SMKS PEDULI BANGSA PASANGKAYU,Swasta,B,Kab. Pasangkayu,Prov. Sulawesi Barat,JL.LING. TANJUNG BABIA,-1.17550000,119.36600000,251,9,8,,https://smk.kemendikdasmen.go.id/detail-sekolah/BA5D2F6D-D94A-4129-B9EF-9D6E2CEC5863
69974220,SMKS 02 RAHMAT TOMAKAKA,Swasta,C,Kab. Polewali Mandar,Prov. Sulawesi Barat,"Dusun Batu Panga Rw. 03, Desa Batu Panga Daala",-3.38003670,119.10013960,0,0,5,,https://smk.kemendikdasmen.go.id/detail-sekolah/322EE9CF-5263-48E0-88B7-42562920AA96
69962881,SMK SWASTA CIPTA INSANI NUSANTARA,Swasta,B,Kab. Polewali Mandar,Prov. Sulawesi Barat,Bonne-Bonne,-3.40400020,119.17943510,176,7,7,,https://smk.kemendikdasmen.go.id/detail-sekolah/57A501D3-52BC-475D-B559-694AE549B0AF
69774916,SMKS SALUMANURUNG,Swasta,C,Kab. Mamuju Tengah,Prov. Sulawesi Barat,SALUMANURUNG,-2.18090000,119.19390000,60,3,1,,https://smk.kemendikdasmen.go.id/detail-sekolah/D6E62DFF-EB16-451C-ACE6-6324533AD9B3
40605637,SMKS KOTA TINGGI,Swasta,C,Kab. Majene,Prov. Sulawesi Barat,Jl. Poros Majene-Mamuju KM 85 Kota Tinggi,-3.04070000,118.85910000,47,3,3,,https://smk.kemendikdasmen.go.id/detail-sekolah/A4C49092-8B8E-4629-A8AE-88788CE47FC8
40602562,UPTD SMKN REA TIMUR / SPPN POLMAN,Negeri,B,Kab. Polewali Mandar,Prov. Sulawesi Barat,Jl. Poros Polewali-Pinrang Km.4 ,-3.44240000,119.38760000,189,17,17,,https://smk.kemendikdasmen.go.id/detail-sekolah/40CAE2CC-FEAE-4288-AFCD-9C8EBF000522
69786950,UPTD SMKN 1 BUDONG BUDONG,Negeri,B,Kab. Mamuju Tengah,Prov. Sulawesi Barat,Dusun Rantekombiling,-2.13740000,119.22380000,47,6,8,,https://smk.kemendikdasmen.go.id/detail-sekolah/184AC5D7-1B10-4E01-842F-D5CEAD356D1C
69760852,UPTD SMKN 2 POLEWALI,Negeri,B,Kab. Polewali Mandar,Prov. Sulawesi Barat,JL. PAMERAN DARA Kel. DARMA POLEWALI,-3.39600000,119.32650000,77,9,13,,https://smk.kemendikdasmen.go.id/detail-sekolah/B8D044E3-7A0F-4ACE-8993-A0BF39E407C5
69956618,SMK SWASTA ARMIDA ABDULLADIN,Swasta,B,Kab. Polewali Mandar,Prov. Sulawesi Barat,Jl. Poros Rappang Barat,-3.34750000,119.19360000,118,5,4,,https://smk.kemendikdasmen.go.id/detail-sekolah/06197751-5520-4A3C-BCDD-AA605DF4EBAA
40604357,UPTD SMKN PAPALANG,Negeri,A,Kab. Mamuju,Prov. Sulawesi Barat,Jl. Poros Mamuju - Tarailu KM. 75 Papalang,-2.42920000,119.15490000,688,30,22,,https://smk.kemendikdasmen.go.id/detail-sekolah/876C69E2-A6AE-420C-9A01-803828520393
40600634,UPTD SMKN TAPANGO,Negeri,B,Kab. Polewali Mandar,Prov. Sulawesi Barat,JL. PENDIDIKAN NO. 4 BANATO REJO,-3.34590000,119.24300000,442,18,15,,https://smk.kemendikdasmen.go.id/detail-sekolah/3FF7F5FB-47A6-4792-B0BD-4EBAB288CFF4
40602587,SMKS BUNGA BANGSA SEJAHTERA,Swasta,B,Kab. Majene,Prov. Sulawesi Barat,JL. POROS MAJENE-MAMUJU KM. 87,-3.00010000,118.85760000,0,0,4,,https://smk.kemendikdasmen.go.id/detail-sekolah/8784E27B-5B1A-4229-97A2-9F3C54C0B24D
40601489,UPTD SMKN 1 MAJENE,Negeri,A,Kab. Majene,Prov. Sulawesi Barat,JL. K.H. MUH. SALEH NO. 41,-3.48890000,118.89720000,497,22,15,,https://smk.kemendikdasmen.go.id/detail-sekolah/71080DD2-E01C-45A6-9FA1-702C89AA87C2
40605152,SMKS PESANTREN AL IKHLASH,Swasta,B,Kab. Polewali Mandar,Prov. Sulawesi Barat,Jl. POROS MAJENE KM 27,-3.44300000,119.14970000,0,0,6,,https://smk.kemendikdasmen.go.id/detail-sekolah/DAD777F3-FAF8-4737-963A-A7998E1CB81D
69786289,SMKS KEHUTANAN MAMASA,Swasta,C,Kab. Mamasa,Prov. Sulawesi Barat,KARIANGO,-2.88150000,119.43180000,0,0,4,,https://smk.kemendikdasmen.go.id/detail-sekolah/83FEAF79-99A0-49DD-9D99-4D7E7A091DFC
70002024,SMKS BINA INSANI MALUNDA,Swasta,C,Kab. Majene,Prov. Sulawesi Barat,JL. POROS MAJENE-MAMUJU Km.87 ,-2.93437630,118.89026780,78,6,4,,https://smk.kemendikdasmen.go.id/detail-sekolah/E7CF09DF-2498-4908-9BAC-66202FC9D853
40600647,UPTD SMKN LIMBORO,Negeri,B,Kab. Polewali Mandar,Prov. Sulawesi Barat,JL. POROS TINAMBUNG - ALU,-3.48020000,119.00780000,303,13,9,,https://smk.kemendikdasmen.go.id/detail-sekolah/C13CE277-62DE-4574-B055-A7F8CFB3CAAD
69759072,SMKS AWARA ARALLE,Swasta,C,Kab. Mamasa,Prov. Sulawesi Barat,ARALLE,-2.77500000,119.15730000,52,5,2,,https://smk.kemendikdasmen.go.id/detail-sekolah/C00DFB0E-FF20-4F9C-BC05-5DC7ECE8860D
40604622,SMKS SALURANTE,Swasta,Tidak Terakreditasi,Kab. Mamasa,Prov. Sulawesi Barat,Pangandaran,-2.77220000,119.08960000,0,0,3,,https://smk.kemendikdasmen.go.id/detail-sekolah/2A10A6F8-8439-44B8-9AAB-E89695F0DCA1
40601052,UPTD SMKN 1 MAMASA,Negeri,B,Kab. Mamasa,Prov. Sulawesi Barat,JL. PENDIDIKAN NO. 244 LEMBANG BANGGO MAMASA,-2.94450000,119.37780000,670,24,21,,https://smk.kemendikdasmen.go.id/detail-sekolah/7A422186-1E21-472B-B286-50ECCAA0FAE9
40600659,SMKS SUPARMAN WONOMULYO,Swasta,B,Kab. Polewali Mandar,Prov. Sulawesi Barat,JL. GALESO,-3.40360000,119.24100000,126,8,12,,https://smk.kemendikdasmen.go.id/detail-sekolah/21DA2608-7D82-4C92-9FB6-519D40733E65
69774921,SMKS DARUL QURAN WAL-HADITS NW,Swasta,C,Kab. Mamuju,Prov. Sulawesi Barat,Jl. Poros Wisata Gentungan,-2.60230000,119.02740000,0,0,4,,https://smk.kemendikdasmen.go.id/detail-sekolah/60944BD2-0B14-4F33-B17F-A73377EB1D49
69766213,UPTD SMKN 8 MAJENE,Negeri,B,Kab. Majene,Prov. Sulawesi Barat,JL. KEMAKMURAN NO.8 SENDANA,-3.37550000,118.85040000,251,17,16,,https://smk.kemendikdasmen.go.id/detail-sekolah/930775BA-C23C-442D-8872-8873C8A06BB3
69760704,UPTD SMKN 1 TABULAHAN,Negeri,B,Kab. Mamasa,Prov. Sulawesi Barat,SALUNATA,-2.67520000,119.18010000,106,7,7,,https://smk.kemendikdasmen.go.id/detail-sekolah/4D5CB751-FD1D-4F75-B54F-7BA15A017BDD
40604651,SMKS ADSKAR BALLA,Swasta,C,Kab. Mamasa,Prov. Sulawesi Barat,POROS MAMASA KM. 12 BALLA,-3.00690000,119.32390000,97,5,7,,https://smk.kemendikdasmen.go.id/detail-sekolah/160019F4-1B15-495E-84AA-A1BC44B33046
69857913,SMK AL-MARA (AL-GUNA DARMA NUSANTARA),Swasta,C,Kab. Mamasa,Prov. Sulawesi Barat,"Jl. Ranteberang, Desa Ranteberang, Kec. Buntumalangka, Kab. Mamasa",-2.82492600,119.18849300,73,4,3,,https://smk.kemendikdasmen.go.id/detail-sekolah/0D369372-8F76-4B2A-9344-A4393254F9B3
69822482,SMK TORY JENE PONGKAPADANG,Swasta,Tidak Terakreditasi,Kab. Mamasa,Prov. Sulawesi Barat,Tabulahan,-2.80220000,119.30900000,11,3,4,,https://smk.kemendikdasmen.go.id/detail-sekolah/3EF17FC1-2394-44CF-99DD-E7AC02E40BD7
69895794,SMK SURYA HUSADA,Swasta,C,Kab. Polewali Mandar,Prov. Sulawesi Barat,Jln. Ahmad Yani No.54 Polewali Kec.Polewali,-3.43250000,119.35070000,46,3,1,,https://smk.kemendikdasmen.go.id/detail-sekolah/43161BF2-55BD-4B09-90F8-3A3CC03D3AB6
40604267,SMKS KOMPUTER KIPRAH BANGSA,Swasta,C,Kab. Mamasa,Prov. Sulawesi Barat,"OSANGO,  KEC. MAMASA KAB. MAMASA PROPINSI SULAWESI BARAT",-2.95840000,119.35750000,0,0,3,,https://smk.kemendikdasmen.go.id/detail-sekolah/4240BE17-CA3F-49D2-A5DB-2C71D6B5CA91
69859685,SMK MUHAMMADIYAH MAMUJU,Swasta,C,Kab. Mamuju,Prov. Sulawesi Barat,JL. SOEKARNO HATTA,-2.69242330,118.88186000,14,3,4,,https://smk.kemendikdasmen.go.id/detail-sekolah/B7BB745A-FB29-4AC8-A7D7-336E01942C5E
69754227,SMKS PEMBANGUNAN ULUMAMBI,Swasta,C,Kab. Mamasa,Prov. Sulawesi Barat,Tanete Ballo,-2.92070000,119.27160000,74,6,4,,https://smk.kemendikdasmen.go.id/detail-sekolah/57BF7C3D-35E2-4E55-840B-904C86B3AA37
69815428,SMKS ARMAJAYA,Swasta,C,Kab. Mamasa,Prov. Sulawesi Barat,SINDAGAMANIK,-3.01820000,119.23200000,43,3,3,,https://smk.kemendikdasmen.go.id/detail-sekolah/CD113E2E-8539-49C1-B406-E3F8480AB376
69940183,SMKS BINA HARAPAN,Swasta,C,Kab. Mamuju Tengah,Prov. Sulawesi Barat,Jl. Poros Lara,-1.86440000,119.85490000,15,3,2,,https://smk.kemendikdasmen.go.id/detail-sekolah/7726844B-3C7A-4402-BF6E-96BDC3BCC135
